INSERT INTO users (id, display_name, account_type) VALUES
    ('20000000-0000-0000-0000-000000000001', '노을러너', 'GUEST'),
    ('20000000-0000-0000-0000-000000000002', '숲길메이트', 'GUEST');

INSERT INTO courses (
    id, owner_id, name, summary, difficulty, location_label,
    distance_meters, estimated_duration_seconds, route_source
) VALUES
    (
        '10000000-0000-0000-0000-000000000001',
        '20000000-0000-0000-0000-000000000001',
        '한강 노을 라인',
        '여의도 한강공원을 따라 노을과 강바람을 즐기는 코스',
        'MODERATE',
        '서울 영등포구',
        5200,
        2520,
        'PLANNED_MAPKIT'
    ),
    (
        '10000000-0000-0000-0000-000000000002',
        '20000000-0000-0000-0000-000000000002',
        '서울숲 리커버리 루프',
        '서울숲 안쪽의 완만한 길을 한 바퀴 도는 가벼운 회복 코스',
        'EASY',
        '서울 성동구',
        3800,
        1860,
        'PLANNED_MAPKIT'
    );

INSERT INTO course_route_points (id, course_id, sequence_number, latitude, longitude) VALUES
    ('11000000-0000-0000-0000-000000000001', '10000000-0000-0000-0000-000000000001', 0, 37.52852, 126.93275),
    ('11000000-0000-0000-0000-000000000002', '10000000-0000-0000-0000-000000000001', 1, 37.52914, 126.92861),
    ('11000000-0000-0000-0000-000000000003', '10000000-0000-0000-0000-000000000001', 2, 37.52873, 126.92418),
    ('11000000-0000-0000-0000-000000000004', '10000000-0000-0000-0000-000000000001', 3, 37.52761, 126.91964),
    ('11000000-0000-0000-0000-000000000005', '10000000-0000-0000-0000-000000000001', 4, 37.52652, 126.91524),
    ('11000000-0000-0000-0000-000000000006', '10000000-0000-0000-0000-000000000001', 5, 37.52582, 126.91081),
    ('13000000-0000-0000-0000-000000000001', '10000000-0000-0000-0000-000000000002', 0, 37.54437, 127.03742),
    ('13000000-0000-0000-0000-000000000002', '10000000-0000-0000-0000-000000000002', 1, 37.54626, 127.03972),
    ('13000000-0000-0000-0000-000000000003', '10000000-0000-0000-0000-000000000002', 2, 37.54851, 127.04123),
    ('13000000-0000-0000-0000-000000000004', '10000000-0000-0000-0000-000000000002', 3, 37.54971, 127.03851),
    ('13000000-0000-0000-0000-000000000005', '10000000-0000-0000-0000-000000000002', 4, 37.54742, 127.03584),
    ('13000000-0000-0000-0000-000000000006', '10000000-0000-0000-0000-000000000002', 5, 37.54437, 127.03742);

INSERT INTO course_elements (
    id, course_id, category, latitude, longitude,
    distance_from_start_meters, title, description
) VALUES
    (
        '12000000-0000-0000-0000-000000000001',
        '10000000-0000-0000-0000-000000000001',
        'VIEW', 37.52873, 126.92418, 1800,
        '강변 노을 전망', '서쪽 시야가 열려 있어 해 질 무렵 경관이 좋은 구간이에요.'
    ),
    (
        '12000000-0000-0000-0000-000000000002',
        '10000000-0000-0000-0000-000000000001',
        'CAUTION', 37.52761, 126.91964, 3100,
        '자전거 합류 구간', '자전거 도로와 가까워지는 구간이라 뒤쪽 통행을 확인해 주세요.'
    ),
    (
        '12000000-0000-0000-0000-000000000003',
        '10000000-0000-0000-0000-000000000001',
        'FACILITY', 37.52652, 126.91524, 4200,
        '공원 화장실', '경로에서 짧게 벗어나 이용할 수 있는 공중화장실이 있어요.'
    ),
    (
        '14000000-0000-0000-0000-000000000001',
        '10000000-0000-0000-0000-000000000002',
        'FACILITY', 37.54626, 127.03972, 900,
        '음수대와 벤치', '잠깐 쉬거나 물을 마실 수 있는 공간이 경로 옆에 있어요.'
    ),
    (
        '14000000-0000-0000-0000-000000000002',
        '10000000-0000-0000-0000-000000000002',
        'VIEW', 37.54971, 127.03851, 2200,
        '메타세쿼이아 길', '나무 사이로 이어지는 길이 계절마다 다른 분위기를 보여줘요.'
    ),
    (
        '14000000-0000-0000-0000-000000000003',
        '10000000-0000-0000-0000-000000000002',
        'CAUTION', 37.54742, 127.03584, 3100,
        '보행자 밀집 구간', '주말에는 산책하는 사람이 많아 속도를 낮추는 편이 좋아요.'
    );
